HITId,HITTypeId,Title,Description,Keywords,Reward,CreationTime,MaxAssignments,RequesterAnnotation,AssignmentDurationInSeconds,AutoApprovalDelayInSeconds,Expiration,NumberOfSimilarHITs,LifetimeInSeconds,AssignmentId,WorkerId,AssignmentStatus,AcceptTime,SubmitTime,AutoApprovalTime,ApprovalTime,RejectionTime,RequesterFeedback,WorkTimeInSeconds,LifetimeApprovalRate,Last30DaysApprovalRate,Last7DaysApprovalRate,Input.image_url,Input.desc1,Input.desc2,Answer.first.first,Answer.second.second,Approve,Reject
3YOAVL4CA0IJLXO5XFBN7JV3BHY4Z4,3D4BPCICWK3NL5FG1EHDN5R4QPBV8R,Select the better descriptor,"Given 2 descriptions of a photo, select the most accurate one.","survey, photo, photography, easy, image, images,,pick,descriptions,simple,select,fast,description,descriptor, options, quick, fast, compare, picture",$0.03,Sat Apr 10 17:09:40 PDT 2021,5,BatchId:4403423;OriginalHitTemplateId:928390912;,1800,3600,Sun Apr 11 17:09:40 PDT 2021,,,30IQTZXKAK7G4Y4J3Z51MFK2UII0XY,AO1HA5KKZ51B7,Approved,Sat Apr 10 17:17:47 PDT 2021,Sat Apr 10 17:17:56 PDT 2021,Sat Apr 10 18:17:56 PDT 2021,Sat Apr 10 17:27:09 PDT 2021,,,9,100% (4/4),100% (4/4),100% (4/4),https://nets213hw.s3.us-east-2.amazonaws.com/photos/pexels-adrianna-calvo-564905.jpg,The building had a beautiful mural of a fish on the side of it.,A mater-piece of artwork painting on buildings.,TRUE,FALSE,1,
3YOAVL4CA0IJLXO5XFBN7JV3BHY4Z4,3D4BPCICWK3NL5FG1EHDN5R4QPBV8R,Select the better descriptor,"Given 2 descriptions of a photo, select the most accurate one.","survey, photo, photography, easy, image, images,,pick,descriptions,simple,select,fast,description,descriptor, options, quick, fast, compare, picture",$0.03,Sat Apr 10 17:09:40 PDT 2021,5,BatchId:4403423;OriginalHitTemplateId:928390912;,1800,3600,Sun Apr 11 17:09:40 PDT 2021,,,3BEFOD78W6UM9ANG8TQUN1UH4QDM4F,AVOF14300525D,Approved,Sat Apr 10 17:18:52 PDT 2021,Sat Apr 10 17:19:12 PDT 2021,Sat Apr 10 18:19:12 PDT 2021,Sat Apr 10 17:27:09 PDT 2021,,,20,100% (1/1),100% (1/1),100% (1/1),https://nets213hw.s3.us-east-2.amazonaws.com/photos/pexels-adrianna-calvo-564905.jpg,The building had a beautiful mural of a fish on the side of it.,A mater-piece of artwork painting on buildings.,TRUE,FALSE,,
3YOAVL4CA0IJLXO5XFBN7JV3BHY4Z4,3D4BPCICWK3NL5FG1EHDN5R4QPBV8R,Select the better descriptor,"Given 2 descriptions of a photo, select the most accurate one.","survey, photo, photography, easy, image, images,,pick,descriptions,simple,select,fast,description,descriptor, options, quick, fast, compare, picture",$0.03,Sat Apr 10 17:09:40 PDT 2021,5,BatchId:4403423;OriginalHitTemplateId:928390912;,1800,3600,Sun Apr 11 17:09:40 PDT 2021,,,3R0T90IZ1SDPC449Q5YHTUM80HICGA,A3TYCJO2DG3RMH,Approved,Sat Apr 10 17:11:40 PDT 2021,Sat Apr 10 17:11:54 PDT 2021,Sat Apr 10 18:11:54 PDT 2021,Sat Apr 10 17:27:09 PDT 2021,,,14,100% (4/4),100% (4/4),100% (4/4),https://nets213hw.s3.us-east-2.amazonaws.com/photos/pexels-adrianna-calvo-564905.jpg,The building had a beautiful mural of a fish on the side of it.,A mater-piece of artwork painting on buildings.,TRUE,FALSE,,
3YOAVL4CA0IJLXO5XFBN7JV3BHY4Z4,3D4BPCICWK3NL5FG1EHDN5R4QPBV8R,Select the better descriptor,"Given 2 descriptions of a photo, select the most accurate one.","survey, photo, photography, easy, image, images,,pick,descriptions,simple,select,fast,description,descriptor, options, quick, fast, compare, picture",$0.03,Sat Apr 10 17:09:40 PDT 2021,5,BatchId:4403423;OriginalHitTemplateId:928390912;,1800,3600,Sun Apr 11 17:09:40 PDT 2021,,,3R9WASFE2ZHW6XJO7ZC7M7NH8K4FZD,A280UKMMBLRURU,Approved,Sat Apr 10 17:14:23 PDT 2021,Sat Apr 10 17:15:46 PDT 2021,Sat Apr 10 18:15:46 PDT 2021,Sat Apr 10 17:27:09 PDT 2021,,,83,100% (5/5),100% (5/5),100% (5/5),https://nets213hw.s3.us-east-2.amazonaws.com/photos/pexels-adrianna-calvo-564905.jpg,The building had a beautiful mural of a fish on the side of it.,A mater-piece of artwork painting on buildings.,TRUE,FALSE,,
3YOAVL4CA0IJLXO5XFBN7JV3BHY4Z4,3D4BPCICWK3NL5FG1EHDN5R4QPBV8R,Select the better descriptor,"Given 2 descriptions of a photo, select the most accurate one.","survey, photo, photography, easy, image, images,,pick,descriptions,simple,select,fast,description,descriptor, options, quick, fast, compare, picture",$0.03,Sat Apr 10 17:09:40 PDT 2021,5,BatchId:4403423;OriginalHitTemplateId:928390912;,1800,3600,Sun Apr 11 17:09:40 PDT 2021,,,3S06PH7KSR52DHKK8I8P6D0KJSC1D0,A3CJFLRLYSS2NL,Approved,Sat Apr 10 17:18:55 PDT 2021,Sat Apr 10 17:19:01 PDT 2021,Sat Apr 10 18:19:01 PDT 2021,Sat Apr 10 17:27:09 PDT 2021,,,6,100% (2/2),100% (2/2),100% (2/2),https://nets213hw.s3.us-east-2.amazonaws.com/photos/pexels-adrianna-calvo-564905.jpg,The building had a beautiful mural of a fish on the side of it.,A mater-piece of artwork painting on buildings.,TRUE,FALSE,,
37VHPF5VYC47W50XH4HSDXAN4L8C8K,3D4BPCICWK3NL5FG1EHDN5R4QPBV8R,Select the better descriptor,"Given 2 descriptions of a photo, select the most accurate one.","survey, photo, photography, easy, image, images,,pick,descriptions,simple,select,fast,description,descriptor, options, quick, fast, compare, picture",$0.03,Sat Apr 10 17:09:40 PDT 2021,5,BatchId:4403423;OriginalHitTemplateId:928390912;,1800,3600,Sun Apr 11 17:09:40 PDT 2021,,,31EUONYN2V493QR7556UOVJZCAPOV8,A3CJFLRLYSS2NL,Approved,Sat Apr 10 17:20:35 PDT 2021,Sat Apr 10 17:20:40 PDT 2021,Sat Apr 10 18:20:40 PDT 2021,Sat Apr 10 17:27:09 PDT 2021,,,5,100% (2/2),100% (2/2),100% (2/2),https://nets213hw.s3.us-east-2.amazonaws.com/photos/pexels-amina-filkins-5409662.jpg,The woman is looking out of the doorway on the sunny day.,A woman is welcoming cutomer.,TRUE,FALSE,1,
37VHPF5VYC47W50XH4HSDXAN4L8C8K,3D4BPCICWK3NL5FG1EHDN5R4QPBV8R,Select the better descriptor,"Given 2 descriptions of a photo, select the most accurate one.","survey, photo, photography, easy, image, images,,pick,descriptions,simple,select,fast,description,descriptor, options, quick, fast, compare, picture",$0.03,Sat Apr 10 17:09:40 PDT 2021,5,BatchId:4403423;OriginalHitTemplateId:928390912;,1800,3600,Sun Apr 11 17:09:40 PDT 2021,,,3DBQWDE4Y6ZANBCGYZO458PV9CIN5L,A3TYCJO2DG3RMH,Approved,Sat Apr 10 17:14:40 PDT 2021,Sat Apr 10 17:14:55 PDT 2021,Sat Apr 10 18:14:55 PDT 2021,Sat Apr 10 17:27:10 PDT 2021,,,15,100% (4/4),100% (4/4),100% (4/4),https://nets213hw.s3.us-east-2.amazonaws.com/photos/pexels-amina-filkins-5409662.jpg,The woman is looking out of the doorway on the sunny day.,A woman is welcoming cutomer.,TRUE,FALSE,,
37VHPF5VYC47W50XH4HSDXAN4L8C8K,3D4BPCICWK3NL5FG1EHDN5R4QPBV8R,Select the better descriptor,"Given 2 descriptions of a photo, select the most accurate one.","survey, photo, photography, easy, image, images,,pick,descriptions,simple,select,fast,description,descriptor, options, quick, fast, compare, picture",$0.03,Sat Apr 10 17:09:40 PDT 2021,5,BatchId:4403423;OriginalHitTemplateId:928390912;,1800,3600,Sun Apr 11 17:09:40 PDT 2021,,,3GA6AFUKOOPFZ031HI5YLRUF94J3H3,AO1HA5KKZ51B7,Approved,Sat Apr 10 17:17:56 PDT 2021,Sat Apr 10 17:18:25 PDT 2021,Sat Apr 10 18:18:25 PDT 2021,Sat Apr 10 17:27:10 PDT 2021,,,29,100% (4/4),100% (4/4),100% (4/4),https://nets213hw.s3.us-east-2.amazonaws.com/photos/pexels-amina-filkins-5409662.jpg,The woman is looking out of the doorway on the sunny day.,A woman is welcoming cutomer.,TRUE,FALSE,,
37VHPF5VYC47W50XH4HSDXAN4L8C8K,3D4BPCICWK3NL5FG1EHDN5R4QPBV8R,Select the better descriptor,"Given 2 descriptions of a photo, select the most accurate one.","survey, photo, photography, easy, image, images,,pick,descriptions,simple,select,fast,description,descriptor, options, quick, fast, compare, picture",$0.03,Sat Apr 10 17:09:40 PDT 2021,5,BatchId:4403423;OriginalHitTemplateId:928390912;,1800,3600,Sun Apr 11 17:09:40 PDT 2021,,,3I0BTBYZAXM543UT8VR35TRBWOC0Y4,A8DSTQB4187FZ,Approved,Sat Apr 10 17:17:48 PDT 2021,Sat Apr 10 17:17:57 PDT 2021,Sat Apr 10 18:17:57 PDT 2021,Sat Apr 10 17:27:10 PDT 2021,,,9,100% (4/4),100% (4/4),100% (4/4),https://nets213hw.s3.us-east-2.amazonaws.com/photos/pexels-amina-filkins-5409662.jpg,The woman is looking out of the doorway on the sunny day.,A woman is welcoming cutomer.,TRUE,FALSE,,
37VHPF5VYC47W50XH4HSDXAN4L8C8K,3D4BPCICWK3NL5FG1EHDN5R4QPBV8R,Select the better descriptor,"Given 2 descriptions of a photo, select the most accurate one.","survey, photo, photography, easy, image, images,,pick,descriptions,simple,select,fast,description,descriptor, options, quick, fast, compare, picture",$0.03,Sat Apr 10 17:09:40 PDT 2021,5,BatchId:4403423;OriginalHitTemplateId:928390912;,1800,3600,Sun Apr 11 17:09:40 PDT 2021,,,3ZV9H2YQQD8XWQYQCHRYMU42OSW3W3,A280UKMMBLRURU,Approved,Sat Apr 10 17:19:22 PDT 2021,Sat Apr 10 17:19:45 PDT 2021,Sat Apr 10 18:19:45 PDT 2021,Sat Apr 10 17:27:10 PDT 2021,,,23,100% (5/5),100% (5/5),100% (5/5),https://nets213hw.s3.us-east-2.amazonaws.com/photos/pexels-amina-filkins-5409662.jpg,The woman is looking out of the doorway on the sunny day.,A woman is welcoming cutomer.,TRUE,FALSE,,
3PR3LXCWSF0VD8U2DSJTR6Q8P9DX9V,3D4BPCICWK3NL5FG1EHDN5R4QPBV8R,Select the better descriptor,"Given 2 descriptions of a photo, select the most accurate one.","survey, photo, photography, easy, image, images,,pick,descriptions,simple,select,fast,description,descriptor, options, quick, fast, compare, picture",$0.03,Sat Apr 10 17:09:40 PDT 2021,5,BatchId:4403423;OriginalHitTemplateId:928390912;,1800,3600,Sun Apr 11 17:09:40 PDT 2021,,,33CKWXB73JL8LM48SPOU5BZBUV911A,A8DSTQB4187FZ,Approved,Sat Apr 10 17:17:57 PDT 2021,Sat Apr 10 17:18:09 PDT 2021,Sat Apr 10 18:18:09 PDT 2021,Sat Apr 10 17:27:10 PDT 2021,,,12,100% (4/4),100% (4/4),100% (4/4),https://nets213hw.s3.us-east-2.amazonaws.com/photos/pexels-anna-shvets-4588065.jpg,A white rabbit wearing an yellow glasses.,The rabbit was wearing some cool glasses in the photo.,TRUE,FALSE,1,
3PR3LXCWSF0VD8U2DSJTR6Q8P9DX9V,3D4BPCICWK3NL5FG1EHDN5R4QPBV8R,Select the better descriptor,"Given 2 descriptions of a photo, select the most accurate one.","survey, photo, photography, easy, image, images,,pick,descriptions,simple,select,fast,description,descriptor, options, quick, fast, compare, picture",$0.03,Sat Apr 10 17:09:40 PDT 2021,5,BatchId:4403423;OriginalHitTemplateId:928390912;,1800,3600,Sun Apr 11 17:09:40 PDT 2021,,,3FTF2T8WLRJJBSN6TQS8D77OOK59WP,A3TYCJO2DG3RMH,Approved,Sat Apr 10 17:10:49 PDT 2021,Sat Apr 10 17:11:02 PDT 2021,Sat Apr 10 18:11:02 PDT 2021,Sat Apr 10 17:27:10 PDT 2021,,,13,100% (4/4),100% (4/4),100% (4/4),https://nets213hw.s3.us-east-2.amazonaws.com/photos/pexels-anna-shvets-4588065.jpg,A white rabbit wearing an yellow glasses.,The rabbit was wearing some cool glasses in the photo.,TRUE,FALSE,,
3PR3LXCWSF0VD8U2DSJTR6Q8P9DX9V,3D4BPCICWK3NL5FG1EHDN5R4QPBV8R,Select the better descriptor,"Given 2 descriptions of a photo, select the most accurate one.","survey, photo, photography, easy, image, images,,pick,descriptions,simple,select,fast,description,descriptor, options, quick, fast, compare, picture",$0.03,Sat Apr 10 17:09:40 PDT 2021,5,BatchId:4403423;OriginalHitTemplateId:928390912;,1800,3600,Sun Apr 11 17:09:40 PDT 2021,,,3PM8NZGV8YH4SR9IKXZG1LBK7MFQXL,AO1HA5KKZ51B7,Approved,Sat Apr 10 17:17:09 PDT 2021,Sat Apr 10 17:17:37 PDT 2021,Sat Apr 10 18:17:37 PDT 2021,Sat Apr 10 17:27:11 PDT 2021,,,28,100% (4/4),100% (4/4),100% (4/4),https://nets213hw.s3.us-east-2.amazonaws.com/photos/pexels-anna-shvets-4588065.jpg,A white rabbit wearing an yellow glasses.,The rabbit was wearing some cool glasses in the photo.,TRUE,FALSE,,
3PR3LXCWSF0VD8U2DSJTR6Q8P9DX9V,3D4BPCICWK3NL5FG1EHDN5R4QPBV8R,Select the better descriptor,"Given 2 descriptions of a photo, select the most accurate one.","survey, photo, photography, easy, image, images,,pick,descriptions,simple,select,fast,description,descriptor, options, quick, fast, compare, picture",$0.03,Sat Apr 10 17:09:40 PDT 2021,5,BatchId:4403423;OriginalHitTemplateId:928390912;,1800,3600,Sun Apr 11 17:09:40 PDT 2021,,,3QY7M81QH7NO295WPFBLB0MN6N8K7S,A280UKMMBLRURU,Approved,Sat Apr 10 17:13:10 PDT 2021,Sat Apr 10 17:13:27 PDT 2021,Sat Apr 10 18:13:27 PDT 2021,Sat Apr 10 17:27:11 PDT 2021,,,17,100% (5/5),100% (5/5),100% (5/5),https://nets213hw.s3.us-east-2.amazonaws.com/photos/pexels-anna-shvets-4588065.jpg,A white rabbit wearing an yellow glasses.,The rabbit was wearing some cool glasses in the photo.,TRUE,FALSE,,
3PR3LXCWSF0VD8U2DSJTR6Q8P9DX9V,3D4BPCICWK3NL5FG1EHDN5R4QPBV8R,Select the better descriptor,"Given 2 descriptions of a photo, select the most accurate one.","survey, photo, photography, easy, image, images,,pick,descriptions,simple,select,fast,description,descriptor, options, quick, fast, compare, picture",$0.03,Sat Apr 10 17:09:40 PDT 2021,5,BatchId:4403423;OriginalHitTemplateId:928390912;,1800,3600,Sun Apr 11 17:09:40 PDT 2021,,,3VELCLL3GKKZB1YGZO3FUD35V5RF1O,A1UPJ6S46IUUJP,Approved,Sat Apr 10 17:11:25 PDT 2021,Sat Apr 10 17:12:06 PDT 2021,Sat Apr 10 18:12:06 PDT 2021,Sat Apr 10 17:27:11 PDT 2021,,,41,100% (1/1),100% (1/1),100% (1/1),https://nets213hw.s3.us-east-2.amazonaws.com/photos/pexels-anna-shvets-4588065.jpg,A white rabbit wearing an yellow glasses.,The rabbit was wearing some cool glasses in the photo.,TRUE,FALSE,,
3BPP3MA3TCLH8A4U7KWR8QWW9XKEL1,3D4BPCICWK3NL5FG1EHDN5R4QPBV8R,Select the better descriptor,"Given 2 descriptions of a photo, select the most accurate one.","survey, photo, photography, easy, image, images,,pick,descriptions,simple,select,fast,description,descriptor, options, quick, fast, compare, picture",$0.03,Sat Apr 10 17:09:40 PDT 2021,5,BatchId:4403423;OriginalHitTemplateId:928390912;,1800,3600,Sun Apr 11 17:09:40 PDT 2021,,,39PAAFCODM1PGIWF1MSTI5PMBI6TVZ,A8DSTQB4187FZ,Approved,Sat Apr 10 17:18:21 PDT 2021,Sat Apr 10 17:18:31 PDT 2021,Sat Apr 10 18:18:31 PDT 2021,Sat Apr 10 17:27:11 PDT 2021,,,10,100% (4/4),100% (4/4),100% (4/4),https://nets213hw.s3.us-east-2.amazonaws.com/photos/pexels-badr-khechchab-4233098.jpg,The man was riding his skateboard all over the park with the sun shining down.,A man with plaid shorts on is skateboarding on a half pipe.,FALSE,TRUE,2,
3BPP3MA3TCLH8A4U7KWR8QWW9XKEL1,3D4BPCICWK3NL5FG1EHDN5R4QPBV8R,Select the better descriptor,"Given 2 descriptions of a photo, select the most accurate one.","survey, photo, photography, easy, image, images,,pick,descriptions,simple,select,fast,description,descriptor, options, quick, fast, compare, picture",$0.03,Sat Apr 10 17:09:40 PDT 2021,5,BatchId:4403423;OriginalHitTemplateId:928390912;,1800,3600,Sun Apr 11 17:09:40 PDT 2021,,,3BV8HQ2ZZW2ZMWI5UET4B8JV60UA64,A280UKMMBLRURU,Approved,Sat Apr 10 17:11:32 PDT 2021,Sat Apr 10 17:12:37 PDT 2021,Sat Apr 10 18:12:37 PDT 2021,Sat Apr 10 17:27:11 PDT 2021,,,65,100% (5/5),100% (5/5),100% (5/5),https://nets213hw.s3.us-east-2.amazonaws.com/photos/pexels-badr-khechchab-4233098.jpg,The man was riding his skateboard all over the park with the sun shining down.,A man with plaid shorts on is skateboarding on a half pipe.,TRUE,FALSE,,
3BPP3MA3TCLH8A4U7KWR8QWW9XKEL1,3D4BPCICWK3NL5FG1EHDN5R4QPBV8R,Select the better descriptor,"Given 2 descriptions of a photo, select the most accurate one.","survey, photo, photography, easy, image, images,,pick,descriptions,simple,select,fast,description,descriptor, options, quick, fast, compare, picture",$0.03,Sat Apr 10 17:09:40 PDT 2021,5,BatchId:4403423;OriginalHitTemplateId:928390912;,1800,3600,Sun Apr 11 17:09:40 PDT 2021,,,3K2755HG5S4T3WESFHNAVF4EK2UDFC,A3TYCJO2DG3RMH,Approved,Sat Apr 10 17:13:30 PDT 2021,Sat Apr 10 17:13:47 PDT 2021,Sat Apr 10 18:13:47 PDT 2021,Sat Apr 10 17:27:11 PDT 2021,,,17,100% (4/4),100% (4/4),100% (4/4),https://nets213hw.s3.us-east-2.amazonaws.com/photos/pexels-badr-khechchab-4233098.jpg,The man was riding his skateboard all over the park with the sun shining down.,A man with plaid shorts on is skateboarding on a half pipe.,FALSE,TRUE,,
3BPP3MA3TCLH8A4U7KWR8QWW9XKEL1,3D4BPCICWK3NL5FG1EHDN5R4QPBV8R,Select the better descriptor,"Given 2 descriptions of a photo, select the most accurate one.","survey, photo, photography, easy, image, images,,pick,descriptions,simple,select,fast,description,descriptor, options, quick, fast, compare, picture",$0.03,Sat Apr 10 17:09:40 PDT 2021,5,BatchId:4403423;OriginalHitTemplateId:928390912;,1800,3600,Sun Apr 11 17:09:40 PDT 2021,,,3KV0LJBBH2MTAGPEJ5M7VU5RW4XRM3,AO1HA5KKZ51B7,Approved,Sat Apr 10 17:19:13 PDT 2021,Sat Apr 10 17:19:28 PDT 2021,Sat Apr 10 18:19:28 PDT 2021,Sat Apr 10 17:27:12 PDT 2021,,,15,100% (4/4),100% (4/4),100% (4/4),https://nets213hw.s3.us-east-2.amazonaws.com/photos/pexels-badr-khechchab-4233098.jpg,The man was riding his skateboard all over the park with the sun shining down.,A man with plaid shorts on is skateboarding on a half pipe.,TRUE,FALSE,,
3BPP3MA3TCLH8A4U7KWR8QWW9XKEL1,3D4BPCICWK3NL5FG1EHDN5R4QPBV8R,Select the better descriptor,"Given 2 descriptions of a photo, select the most accurate one.","survey, photo, photography, easy, image, images,,pick,descriptions,simple,select,fast,description,descriptor, options, quick, fast, compare, picture",$0.03,Sat Apr 10 17:09:40 PDT 2021,5,BatchId:4403423;OriginalHitTemplateId:928390912;,1800,3600,Sun Apr 11 17:09:40 PDT 2021,,,3ZWFC4W1UU8N46XXXIIU04LIZ3LFRK,A22VGT2F28LTWC,Approved,Sat Apr 10 17:13:43 PDT 2021,Sat Apr 10 17:16:57 PDT 2021,Sat Apr 10 18:16:57 PDT 2021,Sat Apr 10 17:27:12 PDT 2021,,,194,100% (1/1),100% (1/1),100% (1/1),https://nets213hw.s3.us-east-2.amazonaws.com/photos/pexels-badr-khechchab-4233098.jpg,The man was riding his skateboard all over the park with the sun shining down.,A man with plaid shorts on is skateboarding on a half pipe.,FALSE,TRUE,,
3INZSNUD80RHF2PLMSIHXZNG9R29D6,3D4BPCICWK3NL5FG1EHDN5R4QPBV8R,Select the better descriptor,"Given 2 descriptions of a photo, select the most accurate one.","survey, photo, photography, easy, image, images,,pick,descriptions,simple,select,fast,description,descriptor, options, quick, fast, compare, picture",$0.03,Sat Apr 10 17:09:40 PDT 2021,5,BatchId:4403423;OriginalHitTemplateId:928390912;,1800,3600,Sun Apr 11 17:09:40 PDT 2021,,,34S6N1K2ZVKWF4TQNO9YHDOW9Q9LHY,A280UKMMBLRURU,Approved,Sat Apr 10 17:16:55 PDT 2021,Sat Apr 10 17:17:21 PDT 2021,Sat Apr 10 18:17:21 PDT 2021,Sat Apr 10 17:27:12 PDT 2021,,,26,100% (5/5),100% (5/5),100% (5/5),https://nets213hw.s3.us-east-2.amazonaws.com/photos/pexels-bia-sousa-4493795.jpg,The woman is wearing a red shirt and glasses and throwing red cards.,The woman in white is throwing the cards.,TRUE,FALSE,1,
3INZSNUD80RHF2PLMSIHXZNG9R29D6,3D4BPCICWK3NL5FG1EHDN5R4QPBV8R,Select the better descriptor,"Given 2 descriptions of a photo, select the most accurate one.","survey, photo, photography, easy, image, images,,pick,descriptions,simple,select,fast,description,descriptor, options, quick, fast, compare, picture",$0.03,Sat Apr 10 17:09:40 PDT 2021,5,BatchId:4403423;OriginalHitTemplateId:928390912;,1800,3600,Sun Apr 11 17:09:40 PDT 2021,,,36NEMU28XFEYIC60IZWDITD8OJCWMB,A8DSTQB4187FZ,Approved,Sat Apr 10 17:19:21 PDT 2021,Sat Apr 10 17:19:31 PDT 2021,Sat Apr 10 18:19:31 PDT 2021,Sat Apr 10 17:27:12 PDT 2021,,,10,100% (4/4),100% (4/4),100% (4/4),https://nets213hw.s3.us-east-2.amazonaws.com/photos/pexels-bia-sousa-4493795.jpg,The woman is wearing a red shirt and glasses and throwing red cards.,The woman in white is throwing the cards.,TRUE,FALSE,,
3INZSNUD80RHF2PLMSIHXZNG9R29D6,3D4BPCICWK3NL5FG1EHDN5R4QPBV8R,Select the better descriptor,"Given 2 descriptions of a photo, select the most accurate one.","survey, photo, photography, easy, image, images,,pick,descriptions,simple,select,fast,description,descriptor, options, quick, fast, compare, picture",$0.03,Sat Apr 10 17:09:40 PDT 2021,5,BatchId:4403423;OriginalHitTemplateId:928390912;,1800,3600,Sun Apr 11 17:09:40 PDT 2021,,,39GAF6DQWR1O7YK6Z38JCZ6RJZG1VZ,A3021ZUF9X732J,Submitted,Sat Apr 10 17:21:13 PDT 2021,Sat Apr 10 17:21:22 PDT 2021,Sat Apr 10 18:21:22 PDT 2021,,,,9,100% (1/1),100% (1/1),100% (1/1),https://nets213hw.s3.us-east-2.amazonaws.com/photos/pexels-bia-sousa-4493795.jpg,The woman is wearing a red shirt and glasses and throwing red cards.,The woman in white is throwing the cards.,TRUE,FALSE,,
3INZSNUD80RHF2PLMSIHXZNG9R29D6,3D4BPCICWK3NL5FG1EHDN5R4QPBV8R,Select the better descriptor,"Given 2 descriptions of a photo, select the most accurate one.","survey, photo, photography, easy, image, images,,pick,descriptions,simple,select,fast,description,descriptor, options, quick, fast, compare, picture",$0.03,Sat Apr 10 17:09:40 PDT 2021,5,BatchId:4403423;OriginalHitTemplateId:928390912;,1800,3600,Sun Apr 11 17:09:40 PDT 2021,,,3GGAI1SQEVZP4E0V18WC6Z65W3UMCS,AO1HA5KKZ51B7,Submitted,Sat Apr 10 17:19:29 PDT 2021,Sat Apr 10 17:19:42 PDT 2021,Sat Apr 10 18:19:42 PDT 2021,,,,13,100% (4/4),100% (4/4),100% (4/4),https://nets213hw.s3.us-east-2.amazonaws.com/photos/pexels-bia-sousa-4493795.jpg,The woman is wearing a red shirt and glasses and throwing red cards.,The woman in white is throwing the cards.,TRUE,FALSE,,
3INZSNUD80RHF2PLMSIHXZNG9R29D6,3D4BPCICWK3NL5FG1EHDN5R4QPBV8R,Select the better descriptor,"Given 2 descriptions of a photo, select the most accurate one.","survey, photo, photography, easy, image, images,,pick,descriptions,simple,select,fast,description,descriptor, options, quick, fast, compare, picture",$0.03,Sat Apr 10 17:09:40 PDT 2021,5,BatchId:4403423;OriginalHitTemplateId:928390912;,1800,3600,Sun Apr 11 17:09:40 PDT 2021,,,3P59JYT76LLGJRYDDC8IG0SBEKD2T0,A3TYCJO2DG3RMH,Submitted,Sat Apr 10 17:11:05 PDT 2021,Sat Apr 10 17:11:15 PDT 2021,Sat Apr 10 18:11:15 PDT 2021,,,,10,100% (4/4),100% (4/4),100% (4/4),https://nets213hw.s3.us-east-2.amazonaws.com/photos/pexels-bia-sousa-4493795.jpg,The woman is wearing a red shirt and glasses and throwing red cards.,The woman in white is throwing the cards.,TRUE,FALSE,,
3T2HW4QDUV87AAJ7MWN6DT5YORQC99,3D4BPCICWK3NL5FG1EHDN5R4QPBV8R,Select the better descriptor,"Given 2 descriptions of a photo, select the most accurate one.","survey, photo, photography, easy, image, images,,pick,descriptions,simple,select,fast,description,descriptor, options, quick, fast, compare, picture",$0.03,Sat Apr 10 17:09:40 PDT 2021,5,BatchId:4403423;OriginalHitTemplateId:928390912;,1800,3600,Sun Apr 11 17:09:40 PDT 2021,,,39K0FND3AHG1BZ3XHU0L04GHW09MAQ,AVOF14300525D,Submitted,Sat Apr 10 17:19:35 PDT 2021,Sat Apr 10 17:19:49 PDT 2021,Sat Apr 10 18:19:49 PDT 2021,,,,14,100% (1/1),100% (1/1),100% (1/1),https://nets213hw.s3.us-east-2.amazonaws.com/photos/pexels-clive-kim-4220967.jpg,A volcano is erupting bright red lava out the top.,The volcano had begun to spew lava on the ground.,TRUE,FALSE,1,
3T2HW4QDUV87AAJ7MWN6DT5YORQC99,3D4BPCICWK3NL5FG1EHDN5R4QPBV8R,Select the better descriptor,"Given 2 descriptions of a photo, select the most accurate one.","survey, photo, photography, easy, image, images,,pick,descriptions,simple,select,fast,description,descriptor, options, quick, fast, compare, picture",$0.03,Sat Apr 10 17:09:40 PDT 2021,5,BatchId:4403423;OriginalHitTemplateId:928390912;,1800,3600,Sun Apr 11 17:09:40 PDT 2021,,,39LOEL67OS6M6P28EEBS8E1G6LS83S,A3TYCJO2DG3RMH,Submitted,Sat Apr 10 17:14:04 PDT 2021,Sat Apr 10 17:14:16 PDT 2021,Sat Apr 10 18:14:16 PDT 2021,,,,12,100% (4/4),100% (4/4),100% (4/4),https://nets213hw.s3.us-east-2.amazonaws.com/photos/pexels-clive-kim-4220967.jpg,A volcano is erupting bright red lava out the top.,The volcano had begun to spew lava on the ground.,TRUE,FALSE,,
3T2HW4QDUV87AAJ7MWN6DT5YORQC99,3D4BPCICWK3NL5FG1EHDN5R4QPBV8R,Select the better descriptor,"Given 2 descriptions of a photo, select the most accurate one.","survey, photo, photography, easy, image, images,,pick,descriptions,simple,select,fast,description,descriptor, options, quick, fast, compare, picture",$0.03,Sat Apr 10 17:09:40 PDT 2021,5,BatchId:4403423;OriginalHitTemplateId:928390912;,1800,3600,Sun Apr 11 17:09:40 PDT 2021,,,3LO69W1SU3EIF8YF3IRGWDCVUQWLGZ,AO1HA5KKZ51B7,Submitted,Sat Apr 10 17:16:41 PDT 2021,Sat Apr 10 17:16:57 PDT 2021,Sat Apr 10 18:16:57 PDT 2021,,,,16,100% (4/4),100% (4/4),100% (4/4),https://nets213hw.s3.us-east-2.amazonaws.com/photos/pexels-clive-kim-4220967.jpg,A volcano is erupting bright red lava out the top.,The volcano had begun to spew lava on the ground.,TRUE,FALSE,,
3T2HW4QDUV87AAJ7MWN6DT5YORQC99,3D4BPCICWK3NL5FG1EHDN5R4QPBV8R,Select the better descriptor,"Given 2 descriptions of a photo, select the most accurate one.","survey, photo, photography, easy, image, images,,pick,descriptions,simple,select,fast,description,descriptor, options, quick, fast, compare, picture",$0.03,Sat Apr 10 17:09:40 PDT 2021,5,BatchId:4403423;OriginalHitTemplateId:928390912;,1800,3600,Sun Apr 11 17:09:40 PDT 2021,,,3RGU30DZTA9CCS61B0DYT3J0MN3MJ6,A22VGT2F28LTWC,Submitted,Sat Apr 10 17:20:17 PDT 2021,Sat Apr 10 17:20:34 PDT 2021,Sat Apr 10 18:20:34 PDT 2021,,,,17,100% (1/1),100% (1/1),100% (1/1),https://nets213hw.s3.us-east-2.amazonaws.com/photos/pexels-clive-kim-4220967.jpg,A volcano is erupting bright red lava out the top.,The volcano had begun to spew lava on the ground.,TRUE,FALSE,,
3T2HW4QDUV87AAJ7MWN6DT5YORQC99,3D4BPCICWK3NL5FG1EHDN5R4QPBV8R,Select the better descriptor,"Given 2 descriptions of a photo, select the most accurate one.","survey, photo, photography, easy, image, images,,pick,descriptions,simple,select,fast,description,descriptor, options, quick, fast, compare, picture",$0.03,Sat Apr 10 17:09:40 PDT 2021,5,BatchId:4403423;OriginalHitTemplateId:928390912;,1800,3600,Sun Apr 11 17:09:40 PDT 2021,,,3YW4XOSQKQMOUJV6UDYEGD485S6U12,A3CJFLRLYSS2NL,Submitted,Sat Apr 10 17:19:40 PDT 2021,Sat Apr 10 17:19:48 PDT 2021,Sat Apr 10 18:19:48 PDT 2021,,,,8,100% (2/2),100% (2/2),100% (2/2),https://nets213hw.s3.us-east-2.amazonaws.com/photos/pexels-clive-kim-4220967.jpg,A volcano is erupting bright red lava out the top.,The volcano had begun to spew lava on the ground.,TRUE,FALSE,,
3IZVJEBJ6ALX0KSJG3424HFH7846ZR,3D4BPCICWK3NL5FG1EHDN5R4QPBV8R,Select the better descriptor,"Given 2 descriptions of a photo, select the most accurate one.","survey, photo, photography, easy, image, images,,pick,descriptions,simple,select,fast,description,descriptor, options, quick, fast, compare, picture",$0.03,Sat Apr 10 17:09:40 PDT 2021,5,BatchId:4403423;OriginalHitTemplateId:928390912;,1800,3600,Sun Apr 11 17:09:40 PDT 2021,,,3DR23U6WE5F8E7AT6W3JI110BN3TET,A22VGT2F28LTWC,Submitted,Sat Apr 10 17:16:58 PDT 2021,Sat Apr 10 17:17:09 PDT 2021,Sat Apr 10 18:17:09 PDT 2021,,,,11,100% (1/1),100% (1/1),100% (1/1),https://nets213hw.s3.us-east-2.amazonaws.com/photos/pexels-cottonbro-4769486.jpg,The woman is sitting in the chair with a book on her face.,The college student was worn out from all the studying.,TRUE,FALSE,1,
3IZVJEBJ6ALX0KSJG3424HFH7846ZR,3D4BPCICWK3NL5FG1EHDN5R4QPBV8R,Select the better descriptor,"Given 2 descriptions of a photo, select the most accurate one.","survey, photo, photography, easy, image, images,,pick,descriptions,simple,select,fast,description,descriptor, options, quick, fast, compare, picture",$0.03,Sat Apr 10 17:09:40 PDT 2021,5,BatchId:4403423;OriginalHitTemplateId:928390912;,1800,3600,Sun Apr 11 17:09:40 PDT 2021,,,3E4GGUZ1T8SHG88QJ3UQF95FV7MK2C,A280UKMMBLRURU,Submitted,Sat Apr 10 17:12:41 PDT 2021,Sat Apr 10 17:13:09 PDT 2021,Sat Apr 10 18:13:09 PDT 2021,,,,28,100% (5/5),100% (5/5),100% (5/5),https://nets213hw.s3.us-east-2.amazonaws.com/photos/pexels-cottonbro-4769486.jpg,The woman is sitting in the chair with a book on her face.,The college student was worn out from all the studying.,FALSE,TRUE,,
3IZVJEBJ6ALX0KSJG3424HFH7846ZR,3D4BPCICWK3NL5FG1EHDN5R4QPBV8R,Select the better descriptor,"Given 2 descriptions of a photo, select the most accurate one.","survey, photo, photography, easy, image, images,,pick,descriptions,simple,select,fast,description,descriptor, options, quick, fast, compare, picture",$0.03,Sat Apr 10 17:09:40 PDT 2021,5,BatchId:4403423;OriginalHitTemplateId:928390912;,1800,3600,Sun Apr 11 17:09:40 PDT 2021,,,3FDJT1UU7499F5RD1MWODG8RFHD5KY,A1UPJ6S46IUUJP,Submitted,Sat Apr 10 17:12:36 PDT 2021,Sat Apr 10 17:13:04 PDT 2021,Sat Apr 10 18:13:04 PDT 2021,,,,28,100% (1/1),100% (1/1),100% (1/1),https://nets213hw.s3.us-east-2.amazonaws.com/photos/pexels-cottonbro-4769486.jpg,The woman is sitting in the chair with a book on her face.,The college student was worn out from all the studying.,TRUE,FALSE,,
3IZVJEBJ6ALX0KSJG3424HFH7846ZR,3D4BPCICWK3NL5FG1EHDN5R4QPBV8R,Select the better descriptor,"Given 2 descriptions of a photo, select the most accurate one.","survey, photo, photography, easy, image, images,,pick,descriptions,simple,select,fast,description,descriptor, options, quick, fast, compare, picture",$0.03,Sat Apr 10 17:09:40 PDT 2021,5,BatchId:4403423;OriginalHitTemplateId:928390912;,1800,3600,Sun Apr 11 17:09:40 PDT 2021,,,3V5Q80FXIXSBKA0JYX2RYNODKL032K,A3TYCJO2DG3RMH,Submitted,Sat Apr 10 17:12:33 PDT 2021,Sat Apr 10 17:12:43 PDT 2021,Sat Apr 10 18:12:43 PDT 2021,,,,10,100% (4/4),100% (4/4),100% (4/4),https://nets213hw.s3.us-east-2.amazonaws.com/photos/pexels-cottonbro-4769486.jpg,The woman is sitting in the chair with a book on her face.,The college student was worn out from all the studying.,TRUE,FALSE,,
3IZVJEBJ6ALX0KSJG3424HFH7846ZR,3D4BPCICWK3NL5FG1EHDN5R4QPBV8R,Select the better descriptor,"Given 2 descriptions of a photo, select the most accurate one.","survey, photo, photography, easy, image, images,,pick,descriptions,simple,select,fast,description,descriptor, options, quick, fast, compare, picture",$0.03,Sat Apr 10 17:09:40 PDT 2021,5,BatchId:4403423;OriginalHitTemplateId:928390912;,1800,3600,Sun Apr 11 17:09:40 PDT 2021,,,3ZGVPD4G6TI6P21P2JHW3B2IZTCTZZ,A8DSTQB4187FZ,Submitted,Sat Apr 10 17:19:14 PDT 2021,Sat Apr 10 17:19:21 PDT 2021,Sat Apr 10 18:19:21 PDT 2021,,,,7,100% (4/4),100% (4/4),100% (4/4),https://nets213hw.s3.us-east-2.amazonaws.com/photos/pexels-cottonbro-4769486.jpg,The woman is sitting in the chair with a book on her face.,The college student was worn out from all the studying.,TRUE,FALSE,,
3VZYA8PITOZ4FVMF7QH56CYVT6A50I,3D4BPCICWK3NL5FG1EHDN5R4QPBV8R,Select the better descriptor,"Given 2 descriptions of a photo, select the most accurate one.","survey, photo, photography, easy, image, images,,pick,descriptions,simple,select,fast,description,descriptor, options, quick, fast, compare, picture",$0.03,Sat Apr 10 17:09:40 PDT 2021,5,BatchId:4403423;OriginalHitTemplateId:928390912;,1800,3600,Sun Apr 11 17:09:40 PDT 2021,,,388U7OUMF72W72I7U0Z9XXYET1X0R2,A280UKMMBLRURU,Submitted,Sat Apr 10 17:17:21 PDT 2021,Sat Apr 10 17:18:07 PDT 2021,Sat Apr 10 18:18:07 PDT 2021,,,,46,100% (5/5),100% (5/5),100% (5/5),https://nets213hw.s3.us-east-2.amazonaws.com/photos/pexels-edu-carvalho-2050975.jpg,An old woman in overhauls is holding a basket of pretty flowers.,The older wise woman was looking up at the beautiful sun as she was enjoying her day.,TRUE,FALSE,1,
3VZYA8PITOZ4FVMF7QH56CYVT6A50I,3D4BPCICWK3NL5FG1EHDN5R4QPBV8R,Select the better descriptor,"Given 2 descriptions of a photo, select the most accurate one.","survey, photo, photography, easy, image, images,,pick,descriptions,simple,select,fast,description,descriptor, options, quick, fast, compare, picture",$0.03,Sat Apr 10 17:09:40 PDT 2021,5,BatchId:4403423;OriginalHitTemplateId:928390912;,1800,3600,Sun Apr 11 17:09:40 PDT 2021,,,3G5W44VEU7J7V2GXIIFFHDZG5QRKGV,A3TYCJO2DG3RMH,Submitted,Sat Apr 10 17:13:49 PDT 2021,Sat Apr 10 17:14:02 PDT 2021,Sat Apr 10 18:14:02 PDT 2021,,,,13,100% (4/4),100% (4/4),100% (4/4),https://nets213hw.s3.us-east-2.amazonaws.com/photos/pexels-edu-carvalho-2050975.jpg,An old woman in overhauls is holding a basket of pretty flowers.,The older wise woman was looking up at the beautiful sun as she was enjoying her day.,TRUE,FALSE,,
3VZYA8PITOZ4FVMF7QH56CYVT6A50I,3D4BPCICWK3NL5FG1EHDN5R4QPBV8R,Select the better descriptor,"Given 2 descriptions of a photo, select the most accurate one.","survey, photo, photography, easy, image, images,,pick,descriptions,simple,select,fast,description,descriptor, options, quick, fast, compare, picture",$0.03,Sat Apr 10 17:09:40 PDT 2021,5,BatchId:4403423;OriginalHitTemplateId:928390912;,1800,3600,Sun Apr 11 17:09:40 PDT 2021,,,3LOTDFNYA70SC2EJWCS0N3TZRI0WF4,AO1HA5KKZ51B7,Submitted,Sat Apr 10 17:18:48 PDT 2021,Sat Apr 10 17:19:13 PDT 2021,Sat Apr 10 18:19:13 PDT 2021,,,,25,100% (4/4),100% (4/4),100% (4/4),https://nets213hw.s3.us-east-2.amazonaws.com/photos/pexels-edu-carvalho-2050975.jpg,An old woman in overhauls is holding a basket of pretty flowers.,The older wise woman was looking up at the beautiful sun as she was enjoying her day.,TRUE,FALSE,,
3VZYA8PITOZ4FVMF7QH56CYVT6A50I,3D4BPCICWK3NL5FG1EHDN5R4QPBV8R,Select the better descriptor,"Given 2 descriptions of a photo, select the most accurate one.","survey, photo, photography, easy, image, images,,pick,descriptions,simple,select,fast,description,descriptor, options, quick, fast, compare, picture",$0.03,Sat Apr 10 17:09:40 PDT 2021,5,BatchId:4403423;OriginalHitTemplateId:928390912;,1800,3600,Sun Apr 11 17:09:40 PDT 2021,,,3WAKVUDHUWH255A8JTFNHNVL8E6U7Z,A3CJFLRLYSS2NL,Submitted,Sat Apr 10 17:20:06 PDT 2021,Sat Apr 10 17:20:14 PDT 2021,Sat Apr 10 18:20:14 PDT 2021,,,,8,100% (2/2),100% (2/2),100% (2/2),https://nets213hw.s3.us-east-2.amazonaws.com/photos/pexels-edu-carvalho-2050975.jpg,An old woman in overhauls is holding a basket of pretty flowers.,The older wise woman was looking up at the beautiful sun as she was enjoying her day.,TRUE,FALSE,,
3VZYA8PITOZ4FVMF7QH56CYVT6A50I,3D4BPCICWK3NL5FG1EHDN5R4QPBV8R,Select the better descriptor,"Given 2 descriptions of a photo, select the most accurate one.","survey, photo, photography, easy, image, images,,pick,descriptions,simple,select,fast,description,descriptor, options, quick, fast, compare, picture",$0.03,Sat Apr 10 17:09:40 PDT 2021,5,BatchId:4403423;OriginalHitTemplateId:928390912;,1800,3600,Sun Apr 11 17:09:40 PDT 2021,,,3Y9N9SS8LYCYNKYZVMM8U6FHHCQ3DU,A8DSTQB4187FZ,Submitted,Sat Apr 10 17:17:33 PDT 2021,Sat Apr 10 17:17:48 PDT 2021,Sat Apr 10 18:17:48 PDT 2021,,,,15,100% (4/4),100% (4/4),100% (4/4),https://nets213hw.s3.us-east-2.amazonaws.com/photos/pexels-edu-carvalho-2050975.jpg,An old woman in overhauls is holding a basket of pretty flowers.,The older wise woman was looking up at the beautiful sun as she was enjoying her day.,TRUE,FALSE,,
3ULIZ0H1VA64MK7X39L5KHH5YYG51L,3D4BPCICWK3NL5FG1EHDN5R4QPBV8R,Select the better descriptor,"Given 2 descriptions of a photo, select the most accurate one.","survey, photo, photography, easy, image, images,,pick,descriptions,simple,select,fast,description,descriptor, options, quick, fast, compare, picture",$0.03,Sat Apr 10 17:09:40 PDT 2021,5,BatchId:4403423;OriginalHitTemplateId:928390912;,1800,3600,Sun Apr 11 17:09:40 PDT 2021,,,36W0OB37HWFGKTAU2P07PSZUOZHZHV,A3021ZUF9X732J,Submitted,Sat Apr 10 17:20:22 PDT 2021,Sat Apr 10 17:20:40 PDT 2021,Sat Apr 10 18:20:40 PDT 2021,,,,18,100% (1/1),100% (1/1),100% (1/1),https://nets213hw.s3.us-east-2.amazonaws.com/photos/pexels-eric-christian-capilador-6008360.jpg,The woman in the white shirt is standing outside pointing toward something.,The woman has two toned hair and black sunglasses on.,FALSE,TRUE,1,
3ULIZ0H1VA64MK7X39L5KHH5YYG51L,3D4BPCICWK3NL5FG1EHDN5R4QPBV8R,Select the better descriptor,"Given 2 descriptions of a photo, select the most accurate one.","survey, photo, photography, easy, image, images,,pick,descriptions,simple,select,fast,description,descriptor, options, quick, fast, compare, picture",$0.03,Sat Apr 10 17:09:40 PDT 2021,5,BatchId:4403423;OriginalHitTemplateId:928390912;,1800,3600,Sun Apr 11 17:09:40 PDT 2021,,,3FPRZHYEPY8KH1YLM7M20SLOHJTV3K,A3TYCJO2DG3RMH,Submitted,Sat Apr 10 17:15:11 PDT 2021,Sat Apr 10 17:16:06 PDT 2021,Sat Apr 10 18:16:06 PDT 2021,,,,55,100% (4/4),100% (4/4),100% (4/4),https://nets213hw.s3.us-east-2.amazonaws.com/photos/pexels-eric-christian-capilador-6008360.jpg,The woman in the white shirt is standing outside pointing toward something.,The woman has two toned hair and black sunglasses on.,TRUE,FALSE,,
3ULIZ0H1VA64MK7X39L5KHH5YYG51L,3D4BPCICWK3NL5FG1EHDN5R4QPBV8R,Select the better descriptor,"Given 2 descriptions of a photo, select the most accurate one.","survey, photo, photography, easy, image, images,,pick,descriptions,simple,select,fast,description,descriptor, options, quick, fast, compare, picture",$0.03,Sat Apr 10 17:09:40 PDT 2021,5,BatchId:4403423;OriginalHitTemplateId:928390912;,1800,3600,Sun Apr 11 17:09:40 PDT 2021,,,3KYQYYSHYV8N99RLEK60I9DSC3LOD9,A8DSTQB4187FZ,Submitted,Sat Apr 10 17:18:31 PDT 2021,Sat Apr 10 17:18:55 PDT 2021,Sat Apr 10 18:18:55 PDT 2021,,,,24,100% (4/4),100% (4/4),100% (4/4),https://nets213hw.s3.us-east-2.amazonaws.com/photos/pexels-eric-christian-capilador-6008360.jpg,The woman in the white shirt is standing outside pointing toward something.,The woman has two toned hair and black sunglasses on.,FALSE,TRUE,,
3ULIZ0H1VA64MK7X39L5KHH5YYG51L,3D4BPCICWK3NL5FG1EHDN5R4QPBV8R,Select the better descriptor,"Given 2 descriptions of a photo, select the most accurate one.","survey, photo, photography, easy, image, images,,pick,descriptions,simple,select,fast,description,descriptor, options, quick, fast, compare, picture",$0.03,Sat Apr 10 17:09:40 PDT 2021,5,BatchId:4403423;OriginalHitTemplateId:928390912;,1800,3600,Sun Apr 11 17:09:40 PDT 2021,,,3QHK8ZVMIMJMORQ4NWZ2V2LYED4LBI,A280UKMMBLRURU,Submitted,Sat Apr 10 17:16:29 PDT 2021,Sat Apr 10 17:16:55 PDT 2021,Sat Apr 10 18:16:55 PDT 2021,,,,26,100% (5/5),100% (5/5),100% (5/5),https://nets213hw.s3.us-east-2.amazonaws.com/photos/pexels-eric-christian-capilador-6008360.jpg,The woman in the white shirt is standing outside pointing toward something.,The woman has two toned hair and black sunglasses on.,TRUE,FALSE,,
3ULIZ0H1VA64MK7X39L5KHH5YYG51L,3D4BPCICWK3NL5FG1EHDN5R4QPBV8R,Select the better descriptor,"Given 2 descriptions of a photo, select the most accurate one.","survey, photo, photography, easy, image, images,,pick,descriptions,simple,select,fast,description,descriptor, options, quick, fast, compare, picture",$0.03,Sat Apr 10 17:09:40 PDT 2021,5,BatchId:4403423;OriginalHitTemplateId:928390912;,1800,3600,Sun Apr 11 17:09:40 PDT 2021,,,3YWRV122CS065JFRTY7TVNRGJYBU8L,ABZKFJ19BGY5R,Submitted,Sat Apr 10 17:10:00 PDT 2021,Sat Apr 10 17:10:18 PDT 2021,Sat Apr 10 18:10:18 PDT 2021,,,,18,0% (0/0),0% (0/0),0% (0/0),https://nets213hw.s3.us-east-2.amazonaws.com/photos/pexels-eric-christian-capilador-6008360.jpg,The woman in the white shirt is standing outside pointing toward something.,The woman has two toned hair and black sunglasses on.,TRUE,FALSE,,
3T5ZXGO9DEPQA2B3VCI0AMW879FZQG,3D4BPCICWK3NL5FG1EHDN5R4QPBV8R,Select the better descriptor,"Given 2 descriptions of a photo, select the most accurate one.","survey, photo, photography, easy, image, images,,pick,descriptions,simple,select,fast,description,descriptor, options, quick, fast, compare, picture",$0.03,Sat Apr 10 17:09:41 PDT 2021,5,BatchId:4403423;OriginalHitTemplateId:928390912;,1800,3600,Sun Apr 11 17:09:41 PDT 2021,,,35GCEFQ6I5P1QL3VN4B5LYYK5U03ZT,A280UKMMBLRURU,Submitted,Sat Apr 10 17:19:45 PDT 2021,Sat Apr 10 17:20:31 PDT 2021,Sat Apr 10 18:20:31 PDT 2021,,,,46,100% (5/5),100% (5/5),100% (5/5),https://nets213hw.s3.us-east-2.amazonaws.com/photos/pexels-eugene-dorosh-739407.jpg,The Eiffel Tower in the morning sun.,"The Eiffel Tower in Paris, France during the sun set.",TRUE,FALSE,2,
3T5ZXGO9DEPQA2B3VCI0AMW879FZQG,3D4BPCICWK3NL5FG1EHDN5R4QPBV8R,Select the better descriptor,"Given 2 descriptions of a photo, select the most accurate one.","survey, photo, photography, easy, image, images,,pick,descriptions,simple,select,fast,description,descriptor, options, quick, fast, compare, picture",$0.03,Sat Apr 10 17:09:41 PDT 2021,5,BatchId:4403423;OriginalHitTemplateId:928390912;,1800,3600,Sun Apr 11 17:09:41 PDT 2021,,,37UQDCYH6XW2IKZ8OJPSD9X4MLF7V1,A3TYCJO2DG3RMH,Submitted,Sat Apr 10 17:13:19 PDT 2021,Sat Apr 10 17:13:28 PDT 2021,Sat Apr 10 18:13:28 PDT 2021,,,,9,100% (4/4),100% (4/4),100% (4/4),https://nets213hw.s3.us-east-2.amazonaws.com/photos/pexels-eugene-dorosh-739407.jpg,The Eiffel Tower in the morning sun.,"The Eiffel Tower in Paris, France during the sun set.",FALSE,TRUE,,
3T5ZXGO9DEPQA2B3VCI0AMW879FZQG,3D4BPCICWK3NL5FG1EHDN5R4QPBV8R,Select the better descriptor,"Given 2 descriptions of a photo, select the most accurate one.","survey, photo, photography, easy, image, images,,pick,descriptions,simple,select,fast,description,descriptor, options, quick, fast, compare, picture",$0.03,Sat Apr 10 17:09:41 PDT 2021,5,BatchId:4403423;OriginalHitTemplateId:928390912;,1800,3600,Sun Apr 11 17:09:41 PDT 2021,,,3DZQRBDBSLG4P9HHSCHXP51HIF03SO,A8DSTQB4187FZ,Submitted,Sat Apr 10 17:18:56 PDT 2021,Sat Apr 10 17:19:14 PDT 2021,Sat Apr 10 18:19:14 PDT 2021,,,,18,100% (4/4),100% (4/4),100% (4/4),https://nets213hw.s3.us-east-2.amazonaws.com/photos/pexels-eugene-dorosh-739407.jpg,The Eiffel Tower in the morning sun.,"The Eiffel Tower in Paris, France during the sun set.",FALSE,TRUE,,
3T5ZXGO9DEPQA2B3VCI0AMW879FZQG,3D4BPCICWK3NL5FG1EHDN5R4QPBV8R,Select the better descriptor,"Given 2 descriptions of a photo, select the most accurate one.","survey, photo, photography, easy, image, images,,pick,descriptions,simple,select,fast,description,descriptor, options, quick, fast, compare, picture",$0.03,Sat Apr 10 17:09:41 PDT 2021,5,BatchId:4403423;OriginalHitTemplateId:928390912;,1800,3600,Sun Apr 11 17:09:41 PDT 2021,,,3OHYZ19UGC6PB2O9UAFYS85MR0OAOT,A22VGT2F28LTWC,Submitted,Sat Apr 10 17:13:12 PDT 2021,Sat Apr 10 17:13:22 PDT 2021,Sat Apr 10 18:13:22 PDT 2021,,,,10,100% (1/1),100% (1/1),100% (1/1),https://nets213hw.s3.us-east-2.amazonaws.com/photos/pexels-eugene-dorosh-739407.jpg,The Eiffel Tower in the morning sun.,"The Eiffel Tower in Paris, France during the sun set.",FALSE,TRUE,,
3T5ZXGO9DEPQA2B3VCI0AMW879FZQG,3D4BPCICWK3NL5FG1EHDN5R4QPBV8R,Select the better descriptor,"Given 2 descriptions of a photo, select the most accurate one.","survey, photo, photography, easy, image, images,,pick,descriptions,simple,select,fast,description,descriptor, options, quick, fast, compare, picture",$0.03,Sat Apr 10 17:09:41 PDT 2021,5,BatchId:4403423;OriginalHitTemplateId:928390912;,1800,3600,Sun Apr 11 17:09:41 PDT 2021,,,3QIYRE09Y3IBZTBXXCMS2ICEXWE1NI,AO1HA5KKZ51B7,Submitted,Sat Apr 10 17:19:43 PDT 2021,Sat Apr 10 17:19:54 PDT 2021,Sat Apr 10 18:19:54 PDT 2021,,,,11,100% (4/4),100% (4/4),100% (4/4),https://nets213hw.s3.us-east-2.amazonaws.com/photos/pexels-eugene-dorosh-739407.jpg,The Eiffel Tower in the morning sun.,"The Eiffel Tower in Paris, France during the sun set.",TRUE,FALSE,,
3UZUVSO3P7W1ESMF7WX683BL92AEM3,3D4BPCICWK3NL5FG1EHDN5R4QPBV8R,Select the better descriptor,"Given 2 descriptions of a photo, select the most accurate one.","survey, photo, photography, easy, image, images,,pick,descriptions,simple,select,fast,description,descriptor, options, quick, fast, compare, picture",$0.03,Sat Apr 10 17:09:41 PDT 2021,5,BatchId:4403423;OriginalHitTemplateId:928390912;,1800,3600,Sun Apr 11 17:09:41 PDT 2021,,,34T446B1C0FS10TOC39E82ZST0T0CV,A3TYCJO2DG3RMH,Submitted,Sat Apr 10 17:12:46 PDT 2021,Sat Apr 10 17:13:02 PDT 2021,Sat Apr 10 18:13:02 PDT 2021,,,,16,100% (4/4),100% (4/4),100% (4/4),https://nets213hw.s3.us-east-2.amazonaws.com/photos/pexels-evgeny-tchebotarev-4101555.jpg,A very breathtaking view of a rainbow on the top of mountain.,There is a beautiful rainbow over the mountain top.,TRUE,FALSE,1,
3UZUVSO3P7W1ESMF7WX683BL92AEM3,3D4BPCICWK3NL5FG1EHDN5R4QPBV8R,Select the better descriptor,"Given 2 descriptions of a photo, select the most accurate one.","survey, photo, photography, easy, image, images,,pick,descriptions,simple,select,fast,description,descriptor, options, quick, fast, compare, picture",$0.03,Sat Apr 10 17:09:41 PDT 2021,5,BatchId:4403423;OriginalHitTemplateId:928390912;,1800,3600,Sun Apr 11 17:09:41 PDT 2021,,,34Z02EIMISE9NHVZYP44XCZWHMTT07,A8DSTQB4187FZ,Submitted,Sat Apr 10 17:15:55 PDT 2021,Sat Apr 10 17:17:00 PDT 2021,Sat Apr 10 18:17:00 PDT 2021,,,,65,100% (4/4),100% (4/4),100% (4/4),https://nets213hw.s3.us-east-2.amazonaws.com/photos/pexels-evgeny-tchebotarev-4101555.jpg,A very breathtaking view of a rainbow on the top of mountain.,There is a beautiful rainbow over the mountain top.,FALSE,TRUE,,
3UZUVSO3P7W1ESMF7WX683BL92AEM3,3D4BPCICWK3NL5FG1EHDN5R4QPBV8R,Select the better descriptor,"Given 2 descriptions of a photo, select the most accurate one.","survey, photo, photography, easy, image, images,,pick,descriptions,simple,select,fast,description,descriptor, options, quick, fast, compare, picture",$0.03,Sat Apr 10 17:09:41 PDT 2021,5,BatchId:4403423;OriginalHitTemplateId:928390912;,1800,3600,Sun Apr 11 17:09:41 PDT 2021,,,373ERPL3YO9XNBFYS2NJH80JQCTRT4,A22VGT2F28LTWC,Submitted,Sat Apr 10 17:19:45 PDT 2021,Sat Apr 10 17:20:17 PDT 2021,Sat Apr 10 18:20:17 PDT 2021,,,,32,100% (1/1),100% (1/1),100% (1/1),https://nets213hw.s3.us-east-2.amazonaws.com/photos/pexels-evgeny-tchebotarev-4101555.jpg,A very breathtaking view of a rainbow on the top of mountain.,There is a beautiful rainbow over the mountain top.,TRUE,FALSE,,
3UZUVSO3P7W1ESMF7WX683BL92AEM3,3D4BPCICWK3NL5FG1EHDN5R4QPBV8R,Select the better descriptor,"Given 2 descriptions of a photo, select the most accurate one.","survey, photo, photography, easy, image, images,,pick,descriptions,simple,select,fast,description,descriptor, options, quick, fast, compare, picture",$0.03,Sat Apr 10 17:09:41 PDT 2021,5,BatchId:4403423;OriginalHitTemplateId:928390912;,1800,3600,Sun Apr 11 17:09:41 PDT 2021,,,3C6FJU71TQULKP69625NU0FICDFYU4,AO1HA5KKZ51B7,Submitted,Sat Apr 10 17:18:26 PDT 2021,Sat Apr 10 17:18:47 PDT 2021,Sat Apr 10 18:18:47 PDT 2021,,,,21,100% (4/4),100% (4/4),100% (4/4),https://nets213hw.s3.us-east-2.amazonaws.com/photos/pexels-evgeny-tchebotarev-4101555.jpg,A very breathtaking view of a rainbow on the top of mountain.,There is a beautiful rainbow over the mountain top.,TRUE,FALSE,,
3UZUVSO3P7W1ESMF7WX683BL92AEM3,3D4BPCICWK3NL5FG1EHDN5R4QPBV8R,Select the better descriptor,"Given 2 descriptions of a photo, select the most accurate one.","survey, photo, photography, easy, image, images,,pick,descriptions,simple,select,fast,description,descriptor, options, quick, fast, compare, picture",$0.03,Sat Apr 10 17:09:41 PDT 2021,5,BatchId:4403423;OriginalHitTemplateId:928390912;,1800,3600,Sun Apr 11 17:09:41 PDT 2021,,,3VW6495TLJ121YQEG32CXLLV81QYY2,A280UKMMBLRURU,Submitted,Sat Apr 10 17:18:44 PDT 2021,Sat Apr 10 17:19:21 PDT 2021,Sat Apr 10 18:19:21 PDT 2021,,,,37,100% (5/5),100% (5/5),100% (5/5),https://nets213hw.s3.us-east-2.amazonaws.com/photos/pexels-evgeny-tchebotarev-4101555.jpg,A very breathtaking view of a rainbow on the top of mountain.,There is a beautiful rainbow over the mountain top.,FALSE,TRUE,,
302OLP89DZ8LFTTCE2169OGIU98CAO,3D4BPCICWK3NL5FG1EHDN5R4QPBV8R,Select the better descriptor,"Given 2 descriptions of a photo, select the most accurate one.","survey, photo, photography, easy, image, images,,pick,descriptions,simple,select,fast,description,descriptor, options, quick, fast, compare, picture",$0.03,Sat Apr 10 17:09:41 PDT 2021,5,BatchId:4403423;OriginalHitTemplateId:928390912;,1800,3600,Sun Apr 11 17:09:41 PDT 2021,,,36DSNE9QZ5Z0CVRDOGSBL785HNIJOI,A280UKMMBLRURU,Submitted,Sat Apr 10 17:18:07 PDT 2021,Sat Apr 10 17:18:44 PDT 2021,Sat Apr 10 18:18:44 PDT 2021,,,,37,100% (5/5),100% (5/5),100% (5/5),https://nets213hw.s3.us-east-2.amazonaws.com/photos/pexels-fauxels-3182749.jpg,A girl is giving a presentation to a group of her peers.,The group of students felt like they were prepared for the upcoming exam.,TRUE,FALSE,1,
302OLP89DZ8LFTTCE2169OGIU98CAO,3D4BPCICWK3NL5FG1EHDN5R4QPBV8R,Select the better descriptor,"Given 2 descriptions of a photo, select the most accurate one.","survey, photo, photography, easy, image, images,,pick,descriptions,simple,select,fast,description,descriptor, options, quick, fast, compare, picture",$0.03,Sat Apr 10 17:09:41 PDT 2021,5,BatchId:4403423;OriginalHitTemplateId:928390912;,1800,3600,Sun Apr 11 17:09:41 PDT 2021,,,373ERPL3YO9XNBFYS2NJH80JQCTTR6,A8DSTQB4187FZ,Submitted,Sat Apr 10 17:18:09 PDT 2021,Sat Apr 10 17:18:21 PDT 2021,Sat Apr 10 18:18:21 PDT 2021,,,,12,100% (4/4),100% (4/4),100% (4/4),https://nets213hw.s3.us-east-2.amazonaws.com/photos/pexels-fauxels-3182749.jpg,A girl is giving a presentation to a group of her peers.,The group of students felt like they were prepared for the upcoming exam.,TRUE,FALSE,,
302OLP89DZ8LFTTCE2169OGIU98CAO,3D4BPCICWK3NL5FG1EHDN5R4QPBV8R,Select the better descriptor,"Given 2 descriptions of a photo, select the most accurate one.","survey, photo, photography, easy, image, images,,pick,descriptions,simple,select,fast,description,descriptor, options, quick, fast, compare, picture",$0.03,Sat Apr 10 17:09:41 PDT 2021,5,BatchId:4403423;OriginalHitTemplateId:928390912;,1800,3600,Sun Apr 11 17:09:41 PDT 2021,,,3EICBYG644XZ36UAYBJKQ7EOS9ZJCL,AO1HA5KKZ51B7,Submitted,Sat Apr 10 17:17:01 PDT 2021,Sat Apr 10 17:17:08 PDT 2021,Sat Apr 10 18:17:08 PDT 2021,,,,7,100% (4/4),100% (4/4),100% (4/4),https://nets213hw.s3.us-east-2.amazonaws.com/photos/pexels-fauxels-3182749.jpg,A girl is giving a presentation to a group of her peers.,The group of students felt like they were prepared for the upcoming exam.,TRUE,FALSE,,
302OLP89DZ8LFTTCE2169OGIU98CAO,3D4BPCICWK3NL5FG1EHDN5R4QPBV8R,Select the better descriptor,"Given 2 descriptions of a photo, select the most accurate one.","survey, photo, photography, easy, image, images,,pick,descriptions,simple,select,fast,description,descriptor, options, quick, fast, compare, picture",$0.03,Sat Apr 10 17:09:41 PDT 2021,5,BatchId:4403423;OriginalHitTemplateId:928390912;,1800,3600,Sun Apr 11 17:09:41 PDT 2021,,,3TXMY6UCAEPGPTYNT13TN8QA64RCQ5,A3TYCJO2DG3RMH,Submitted,Sat Apr 10 17:11:56 PDT 2021,Sat Apr 10 17:12:07 PDT 2021,Sat Apr 10 18:12:07 PDT 2021,,,,11,100% (4/4),100% (4/4),100% (4/4),https://nets213hw.s3.us-east-2.amazonaws.com/photos/pexels-fauxels-3182749.jpg,A girl is giving a presentation to a group of her peers.,The group of students felt like they were prepared for the upcoming exam.,TRUE,FALSE,,
302OLP89DZ8LFTTCE2169OGIU98CAO,3D4BPCICWK3NL5FG1EHDN5R4QPBV8R,Select the better descriptor,"Given 2 descriptions of a photo, select the most accurate one.","survey, photo, photography, easy, image, images,,pick,descriptions,simple,select,fast,description,descriptor, options, quick, fast, compare, picture",$0.03,Sat Apr 10 17:09:41 PDT 2021,5,BatchId:4403423;OriginalHitTemplateId:928390912;,1800,3600,Sun Apr 11 17:09:41 PDT 2021,,,3Z2R0DQ0JHFEU8GGNHJNHESABAQE2M,AVOF14300525D,Submitted,Sat Apr 10 17:15:50 PDT 2021,Sat Apr 10 17:16:07 PDT 2021,Sat Apr 10 18:16:07 PDT 2021,,,,17,100% (1/1),100% (1/1),100% (1/1),https://nets213hw.s3.us-east-2.amazonaws.com/photos/pexels-fauxels-3182749.jpg,A girl is giving a presentation to a group of her peers.,The group of students felt like they were prepared for the upcoming exam.,TRUE,FALSE,,
335VBRURDJ1M783LINT13H519339EZ,3D4BPCICWK3NL5FG1EHDN5R4QPBV8R,Select the better descriptor,"Given 2 descriptions of a photo, select the most accurate one.","survey, photo, photography, easy, image, images,,pick,descriptions,simple,select,fast,description,descriptor, options, quick, fast, compare, picture",$0.03,Sat Apr 10 17:09:41 PDT 2021,5,BatchId:4403423;OriginalHitTemplateId:928390912;,1800,3600,Sun Apr 11 17:09:41 PDT 2021,,,39K0FND3AHG1BZ3XHU0L04GHW09AME,A3TYCJO2DG3RMH,Submitted,Sat Apr 10 17:13:06 PDT 2021,Sat Apr 10 17:13:17 PDT 2021,Sat Apr 10 18:13:17 PDT 2021,,,,11,100% (4/4),100% (4/4),100% (4/4),https://nets213hw.s3.us-east-2.amazonaws.com/photos/pexels-godisable-jacob-1394882.jpg,The woman in the dress is standing outside.,An attractive lady in a polka dot dress is holding a black handbag.,FALSE,TRUE,2,
335VBRURDJ1M783LINT13H519339EZ,3D4BPCICWK3NL5FG1EHDN5R4QPBV8R,Select the better descriptor,"Given 2 descriptions of a photo, select the most accurate one.","survey, photo, photography, easy, image, images,,pick,descriptions,simple,select,fast,description,descriptor, options, quick, fast, compare, picture",$0.03,Sat Apr 10 17:09:41 PDT 2021,5,BatchId:4403423;OriginalHitTemplateId:928390912;,1800,3600,Sun Apr 11 17:09:41 PDT 2021,,,3E337GFOL9983810FV7V95GKZLWNG3,AVOF14300525D,Submitted,Sat Apr 10 17:15:06 PDT 2021,Sat Apr 10 17:15:41 PDT 2021,Sat Apr 10 18:15:41 PDT 2021,,,,35,100% (1/1),100% (1/1),100% (1/1),https://nets213hw.s3.us-east-2.amazonaws.com/photos/pexels-godisable-jacob-1394882.jpg,The woman in the dress is standing outside.,An attractive lady in a polka dot dress is holding a black handbag.,FALSE,TRUE,,
335VBRURDJ1M783LINT13H519339EZ,3D4BPCICWK3NL5FG1EHDN5R4QPBV8R,Select the better descriptor,"Given 2 descriptions of a photo, select the most accurate one.","survey, photo, photography, easy, image, images,,pick,descriptions,simple,select,fast,description,descriptor, options, quick, fast, compare, picture",$0.03,Sat Apr 10 17:09:41 PDT 2021,5,BatchId:4403423;OriginalHitTemplateId:928390912;,1800,3600,Sun Apr 11 17:09:41 PDT 2021,,,3G5F9DBFOPYZB95K1SB44MMY0OBHVD,A22VGT2F28LTWC,Submitted,Sat Apr 10 17:13:22 PDT 2021,Sat Apr 10 17:13:43 PDT 2021,Sat Apr 10 18:13:43 PDT 2021,,,,21,100% (1/1),100% (1/1),100% (1/1),https://nets213hw.s3.us-east-2.amazonaws.com/photos/pexels-godisable-jacob-1394882.jpg,The woman in the dress is standing outside.,An attractive lady in a polka dot dress is holding a black handbag.,FALSE,TRUE,,
335VBRURDJ1M783LINT13H519339EZ,3D4BPCICWK3NL5FG1EHDN5R4QPBV8R,Select the better descriptor,"Given 2 descriptions of a photo, select the most accurate one.","survey, photo, photography, easy, image, images,,pick,descriptions,simple,select,fast,description,descriptor, options, quick, fast, compare, picture",$0.03,Sat Apr 10 17:09:41 PDT 2021,5,BatchId:4403423;OriginalHitTemplateId:928390912;,1800,3600,Sun Apr 11 17:09:41 PDT 2021,,,3SPJ0334214C69VFU319NY67VXHJYT,ARG392N6HWZCJ,Submitted,Sat Apr 10 17:12:21 PDT 2021,Sat Apr 10 17:12:32 PDT 2021,Sat Apr 10 18:12:32 PDT 2021,,,,11,0% (0/0),0% (0/0),0% (0/0),https://nets213hw.s3.us-east-2.amazonaws.com/photos/pexels-godisable-jacob-1394882.jpg,The woman in the dress is standing outside.,An attractive lady in a polka dot dress is holding a black handbag.,FALSE,TRUE,,
335VBRURDJ1M783LINT13H519339EZ,3D4BPCICWK3NL5FG1EHDN5R4QPBV8R,Select the better descriptor,"Given 2 descriptions of a photo, select the most accurate one.","survey, photo, photography, easy, image, images,,pick,descriptions,simple,select,fast,description,descriptor, options, quick, fast, compare, picture",$0.03,Sat Apr 10 17:09:41 PDT 2021,5,BatchId:4403423;OriginalHitTemplateId:928390912;,1800,3600,Sun Apr 11 17:09:41 PDT 2021,,,3WS1NTTKEYDZ4CDY35ZFG8KVQDLF0L,A280UKMMBLRURU,Submitted,Sat Apr 10 17:10:41 PDT 2021,Sat Apr 10 17:11:27 PDT 2021,Sat Apr 10 18:11:27 PDT 2021,,,,46,100% (5/5),100% (5/5),100% (5/5),https://nets213hw.s3.us-east-2.amazonaws.com/photos/pexels-godisable-jacob-1394882.jpg,The woman in the dress is standing outside.,An attractive lady in a polka dot dress is holding a black handbag.,TRUE,FALSE,,
3TFJJUELSHQWAQY81N8R36XKILG2C7,3D4BPCICWK3NL5FG1EHDN5R4QPBV8R,Select the better descriptor,"Given 2 descriptions of a photo, select the most accurate one.","survey, photo, photography, easy, image, images,,pick,descriptions,simple,select,fast,description,descriptor, options, quick, fast, compare, picture",$0.03,Sat Apr 10 17:09:41 PDT 2021,5,BatchId:4403423;OriginalHitTemplateId:928390912;,1800,3600,Sun Apr 11 17:09:41 PDT 2021,,,3018Q3ZVOIRS8FGPM2W2M3AR2N8RAJ,A22VGT2F28LTWC,Submitted,Sat Apr 10 17:18:11 PDT 2021,Sat Apr 10 17:19:45 PDT 2021,Sat Apr 10 18:19:45 PDT 2021,,,,94,100% (1/1),100% (1/1),100% (1/1),https://nets213hw.s3.us-east-2.amazonaws.com/photos/pexels-guillaume-meurice-2815028.jpg,There are super tall sky scrapers that look near the clouds.,looking to a skyscraper from the street,TRUE,FALSE,1,
3TFJJUELSHQWAQY81N8R36XKILG2C7,3D4BPCICWK3NL5FG1EHDN5R4QPBV8R,Select the better descriptor,"Given 2 descriptions of a photo, select the most accurate one.","survey, photo, photography, easy, image, images,,pick,descriptions,simple,select,fast,description,descriptor, options, quick, fast, compare, picture",$0.03,Sat Apr 10 17:09:41 PDT 2021,5,BatchId:4403423;OriginalHitTemplateId:928390912;,1800,3600,Sun Apr 11 17:09:41 PDT 2021,,,35H6S234SA12GQ6OZI2N3X39EMU65V,A3CJFLRLYSS2NL,Submitted,Sat Apr 10 17:19:12 PDT 2021,Sat Apr 10 17:19:25 PDT 2021,Sat Apr 10 18:19:25 PDT 2021,,,,13,100% (2/2),100% (2/2),100% (2/2),https://nets213hw.s3.us-east-2.amazonaws.com/photos/pexels-guillaume-meurice-2815028.jpg,There are super tall sky scrapers that look near the clouds.,looking to a skyscraper from the street,TRUE,FALSE,,
3TFJJUELSHQWAQY81N8R36XKILG2C7,3D4BPCICWK3NL5FG1EHDN5R4QPBV8R,Select the better descriptor,"Given 2 descriptions of a photo, select the most accurate one.","survey, photo, photography, easy, image, images,,pick,descriptions,simple,select,fast,description,descriptor, options, quick, fast, compare, picture",$0.03,Sat Apr 10 17:09:41 PDT 2021,5,BatchId:4403423;OriginalHitTemplateId:928390912;,1800,3600,Sun Apr 11 17:09:41 PDT 2021,,,39JEC7537U28U1U4F0X3TVPINW6VCI,A280UKMMBLRURU,Submitted,Sat Apr 10 17:15:46 PDT 2021,Sat Apr 10 17:16:28 PDT 2021,Sat Apr 10 18:16:28 PDT 2021,,,,42,100% (5/5),100% (5/5),100% (5/5),https://nets213hw.s3.us-east-2.amazonaws.com/photos/pexels-guillaume-meurice-2815028.jpg,There are super tall sky scrapers that look near the clouds.,looking to a skyscraper from the street,TRUE,FALSE,,
3TFJJUELSHQWAQY81N8R36XKILG2C7,3D4BPCICWK3NL5FG1EHDN5R4QPBV8R,Select the better descriptor,"Given 2 descriptions of a photo, select the most accurate one.","survey, photo, photography, easy, image, images,,pick,descriptions,simple,select,fast,description,descriptor, options, quick, fast, compare, picture",$0.03,Sat Apr 10 17:09:41 PDT 2021,5,BatchId:4403423;OriginalHitTemplateId:928390912;,1800,3600,Sun Apr 11 17:09:41 PDT 2021,,,3CN4LGXD5XPM3RCURWE5HWHOD0RY4H,A8DSTQB4187FZ,Submitted,Sat Apr 10 17:17:00 PDT 2021,Sat Apr 10 17:17:32 PDT 2021,Sat Apr 10 18:17:32 PDT 2021,,,,32,100% (4/4),100% (4/4),100% (4/4),https://nets213hw.s3.us-east-2.amazonaws.com/photos/pexels-guillaume-meurice-2815028.jpg,There are super tall sky scrapers that look near the clouds.,looking to a skyscraper from the street,TRUE,FALSE,,
3TFJJUELSHQWAQY81N8R36XKILG2C7,3D4BPCICWK3NL5FG1EHDN5R4QPBV8R,Select the better descriptor,"Given 2 descriptions of a photo, select the most accurate one.","survey, photo, photography, easy, image, images,,pick,descriptions,simple,select,fast,description,descriptor, options, quick, fast, compare, picture",$0.03,Sat Apr 10 17:09:41 PDT 2021,5,BatchId:4403423;OriginalHitTemplateId:928390912;,1800,3600,Sun Apr 11 17:09:41 PDT 2021,,,3QY5DC2MXRLFKYPE1CDZ5F8262OUF2,A3TYCJO2DG3RMH,Submitted,Sat Apr 10 17:10:29 PDT 2021,Sat Apr 10 17:10:47 PDT 2021,Sat Apr 10 18:10:47 PDT 2021,,,,18,100% (4/4),100% (4/4),100% (4/4),https://nets213hw.s3.us-east-2.amazonaws.com/photos/pexels-guillaume-meurice-2815028.jpg,There are super tall sky scrapers that look near the clouds.,looking to a skyscraper from the street,FALSE,TRUE,,
309D674SHZMQY3Y4KG124Z0OCRTCBJ,3D4BPCICWK3NL5FG1EHDN5R4QPBV8R,Select the better descriptor,"Given 2 descriptions of a photo, select the most accurate one.","survey, photo, photography, easy, image, images,,pick,descriptions,simple,select,fast,description,descriptor, options, quick, fast, compare, picture",$0.03,Sat Apr 10 17:09:41 PDT 2021,5,BatchId:4403423;OriginalHitTemplateId:928390912;,1800,3600,Sun Apr 11 17:09:41 PDT 2021,,,358010RM5EUWXZ5Z6WTQ78ASOEUVXK,A22VGT2F28LTWC,Submitted,Sat Apr 10 17:17:09 PDT 2021,Sat Apr 10 17:18:11 PDT 2021,Sat Apr 10 18:18:11 PDT 2021,,,,62,100% (1/1),100% (1/1),100% (1/1),https://nets213hw.s3.us-east-2.amazonaws.com/photos/pexels-julia-khalimova-3649190.jpg,The boat was floating on the water as is coasted down the canal.,A gondola being paddled under a walking bridge.,FALSE,TRUE,2,
309D674SHZMQY3Y4KG124Z0OCRTCBJ,3D4BPCICWK3NL5FG1EHDN5R4QPBV8R,Select the better descriptor,"Given 2 descriptions of a photo, select the most accurate one.","survey, photo, photography, easy, image, images,,pick,descriptions,simple,select,fast,description,descriptor, options, quick, fast, compare, picture",$0.03,Sat Apr 10 17:09:41 PDT 2021,5,BatchId:4403423;OriginalHitTemplateId:928390912;,1800,3600,Sun Apr 11 17:09:41 PDT 2021,,,3M1CVSFP606SWE1P9N72HD0M616AQ1,A280UKMMBLRURU,Submitted,Sat Apr 10 17:13:28 PDT 2021,Sat Apr 10 17:14:22 PDT 2021,Sat Apr 10 18:14:22 PDT 2021,,,,54,100% (5/5),100% (5/5),100% (5/5),https://nets213hw.s3.us-east-2.amazonaws.com/photos/pexels-julia-khalimova-3649190.jpg,The boat was floating on the water as is coasted down the canal.,A gondola being paddled under a walking bridge.,FALSE,TRUE,,
309D674SHZMQY3Y4KG124Z0OCRTCBJ,3D4BPCICWK3NL5FG1EHDN5R4QPBV8R,Select the better descriptor,"Given 2 descriptions of a photo, select the most accurate one.","survey, photo, photography, easy, image, images,,pick,descriptions,simple,select,fast,description,descriptor, options, quick, fast, compare, picture",$0.03,Sat Apr 10 17:09:41 PDT 2021,5,BatchId:4403423;OriginalHitTemplateId:928390912;,1800,3600,Sun Apr 11 17:09:41 PDT 2021,,,3M1CVSFP606SWE1P9N72HD0M616QAH,A8DSTQB4187FZ,Submitted,Sat Apr 10 17:15:50 PDT 2021,Sat Apr 10 17:15:55 PDT 2021,Sat Apr 10 18:15:55 PDT 2021,,,,5,100% (4/4),100% (4/4),100% (4/4),https://nets213hw.s3.us-east-2.amazonaws.com/photos/pexels-julia-khalimova-3649190.jpg,The boat was floating on the water as is coasted down the canal.,A gondola being paddled under a walking bridge.,FALSE,TRUE,,
309D674SHZMQY3Y4KG124Z0OCRTCBJ,3D4BPCICWK3NL5FG1EHDN5R4QPBV8R,Select the better descriptor,"Given 2 descriptions of a photo, select the most accurate one.","survey, photo, photography, easy, image, images,,pick,descriptions,simple,select,fast,description,descriptor, options, quick, fast, compare, picture",$0.03,Sat Apr 10 17:09:41 PDT 2021,5,BatchId:4403423;OriginalHitTemplateId:928390912;,1800,3600,Sun Apr 11 17:09:41 PDT 2021,,,3P1L2B7AD1Q67LFDR14O1MLXLCNLOM,AO1HA5KKZ51B7,Submitted,Sat Apr 10 17:17:38 PDT 2021,Sat Apr 10 17:17:46 PDT 2021,Sat Apr 10 18:17:46 PDT 2021,,,,8,100% (4/4),100% (4/4),100% (4/4),https://nets213hw.s3.us-east-2.amazonaws.com/photos/pexels-julia-khalimova-3649190.jpg,The boat was floating on the water as is coasted down the canal.,A gondola being paddled under a walking bridge.,TRUE,FALSE,,
309D674SHZMQY3Y4KG124Z0OCRTCBJ,3D4BPCICWK3NL5FG1EHDN5R4QPBV8R,Select the better descriptor,"Given 2 descriptions of a photo, select the most accurate one.","survey, photo, photography, easy, image, images,,pick,descriptions,simple,select,fast,description,descriptor, options, quick, fast, compare, picture",$0.03,Sat Apr 10 17:09:41 PDT 2021,5,BatchId:4403423;OriginalHitTemplateId:928390912;,1800,3600,Sun Apr 11 17:09:41 PDT 2021,,,3RXCAC0YIRQN01EW9TICR8QPAQXG88,A3TYCJO2DG3RMH,Submitted,Sat Apr 10 17:14:57 PDT 2021,Sat Apr 10 17:15:08 PDT 2021,Sat Apr 10 18:15:08 PDT 2021,,,,11,100% (4/4),100% (4/4),100% (4/4),https://nets213hw.s3.us-east-2.amazonaws.com/photos/pexels-julia-khalimova-3649190.jpg,The boat was floating on the water as is coasted down the canal.,A gondola being paddled under a walking bridge.,FALSE,TRUE,,